Who can cancel a sprint? (choose the best answer) ;The Product Owner;I;The Scrum Master;H;The Stakeholders;H;The Scrum Team;H;;;;;;;;;;;;
True or False: Multiple Scrum Teams working on the same product must have the same Sprint start date.;TRUE;H;FALSE;I;;;;;;;;;;;;;;;;
A Scrum Master is keeping a list of open impediments, but it is growing and they have been able to resolve only a small portion of the impediments. Which two techniques would be most helpful in this situation? (choose the best two answers);Prioritize the list and work on them in order.;I;Arrange a triage meeting with all project managers. ;H;Discuss the impediments with the Development Team. ;I;Add each open impediment to the Product Backlog.;H;;;;;;;;;;;;
What are two ways that architecture and infrastructure are handled in Scrum? (choose the best two answers);They are implemented along with functional development of the product.;I;They are discussed, determined and documented before the actual feature development Sprints.;H;They are added to the Product Backlog and addressed in early Sprints while always requiring at least some business functionality, no matter how small.;I;They are built by a separate team through the creation of an architectural runway.;H;;;;;;;;;;;;
Which two things are appropriate for a Scrum Master to do, if the Scrum Team does not have the tools and environment to completely finish each selected Product Backlog item? (choose the best two answers);Encourage the Product Owner to accept partially done Increments until the situation improves.;I;Have the Scrum Team establish a Definition of Done that is actually possible to achieve given current circumstances.;H;Declare the Scrum Team not ready for Scrum.;H;Coach the Scrum Team to improve its skills, tools and environment over time and adjust the Definition of Done accordingly.;I;Refocus the current Sprint on establishing the Scrum Team's environment instead of delivering an Increment;H;;;;;;;;;;
Which two of the following are true about the Scrum Master? (choose the best two answers);The Scrum Master teaches the Scrum Team to use timeboxes.;I;The Scrum Master is responsible for updating the Sprint Burndown.;H;The Scrum Master assigns tasks to Developers when they need work.;H;The Scrum Master helps those outside the team interact with the Scrum Team.;H;At the Sprint Review, the Scrum Master identifies what work is done and not done.;I;;;;;;;;;;
You have just been hired by a company new to Scrum. Your management has assigned you to be the Scrum Master of six new Scrum Teams. These teams will build one product. Select two conditions you should strive for in this scenario. (choose the best two answers);There should be six Product Owners, one for each Scrum Team.;H;There should be only one Product Owner.;I;Each Scrum Team should have a separate Product Backlog.;H;The product has one Product Backlog.;I;There should be six Product Owners, reporting to a Chief Product Owner.;H;;;;;;;;;;
Choose two responsibilities of a self-organizing Development Team. (choose the best two answers);Report daily progress to stakeholders.;H;Increase velocity.;H;Reorder the Product Backlog.;H;Pull Product Backlog items for the Sprint.;I;Do the work planned in the Sprint Backlog.;I;;;;;;;;;;
A Scrum Team has been working on a product for six Sprints. A new Product Owner comes in, understanding he is accountable for the Product Backlog. However, he is unsure about his responsibilities. Which two activities are part of the Product Owner role according to Scrum? (choose the best two answers);Ensuring that the most valuable functionality is produced first, at all times.;I;Describing features as Use Cases.;H;Creating detailed functional test cases.;H;Providing the Development Team with detailed specifications.;H;Interacting with stakeholders.;I;;;;;;;;;;
What does it mean to say that an event has a time-box? (choose best answer);The event must take at least a minimum amount of time.;H;The event must happen at a set time.;H;The event must happen by a given time.;H;The event can take no more than a maximum amount of time.;I;;;;;;;;;;;;
The three pillars of empiricism are: (choose the best answer) ;Respet For People, Kaizen, Eliminating Waste;H;Planning, Inspection, Adaptation;H;Planning, Demonstation, Retrospective;H;Inspectation, Transparency, Adaptation;I;Transparency, Eliminating Waste, Kaizen;H;;;;;;;;;;
Which three the following are timeboxed events in Scrum? (choose the best three answers);Sprint Testing;H;Sprint Retrospective;I;Sprint 0;H;Sprint Planning;I;Release Planning;H;Daily Scrum;I;Release Retrospective;H;;;;;;
As the Development Team starts work during the Sprint, it realizes it has selected too much work to finish in the Sprint. What should it do? (choose the best answer);As soon as possible in the Sprint, work with the Product Owner to remove some work or Product Backlog items.;I;"Reduce the definition of ""Done"" and get all of the Product Backlog items ""Done"" by the new definition.";H;Inform the Product Owner at the Sprint Review, but prior to the demonstration. ;H;Find another Scrum Team to give the excess work to.;H;;;;;;;;;;;;
Which output from Sprint Planning provides the Scrum Team with a target and overarching direction for the Sprint? (choose the best answer);The Sprint Goal;I;Sprint Review minutes.;H;The release plan.;H;The Sprint Backlog.;H;;;;;;;;;;;;
At the end of a Sprint, a Product Backlog item worked on during the Sprint does not meet the Definition of Done. What two things should happen with the undone Product Backlog item? (choose the best two answers) ;Review the item, add the done part of the estimate to the velocity and create a Story for the remaining work.;H;If the stakeholders agree, the Product Owner can accept it and release it to the users.;H;Do not include the item in the Increment this Sprint.;I;Put it on the Product Backlog for the Product Owner to decide what to do with it.;I;;;;;;;;;;;;
When a Development Team is having trouble delivering a working Increment because they don't understand a functional requirement, what should they do? (Choose the best answer);Add a specialist to the Development Team.;H;Defer the work to a more appropriate Sprint.;H;Partially complete the functionality and discuss the remaining work at the Sprint Review.;H;Collaborate with the Product Owner to determine what is possible and acceptable.;I;;;;;;;;;;;;
Which of the following might the Scrum Team discuss during a Sprint Retrospective? (choose the best answer);Methods of communication;H;The way the Scrum Team does Sprint Planning;H;Skills needed to improve the Developers ability to deliver;H;The Definition of Done;H;All of the above;I;;;;;;;;;;
Which of the following are true about the Product Owner? (choose the best answer);Optimizing the value of the work the Scrum Team does.;I;Keep stakeholders from distracting the Developers.;H;Directing the Developers;H;Ensuring that the work meets the commitments to the stakeholders.;H;;;;;;;;;;;;
Which topics should be discussed in the Sprint Review? (choose the best answer);The Scrum process, and how it was used during the Sprint.;H;Coding and engineering practices.;H;The product Increment.;I;All of the above.;H;;;;;;;;;;;;
What is the main reason for the Scrum Master to be at the Daily Scrum? (choose the best answer);To write down any changes to the Sprint Backlog, including adding new items, and tracking progress on the burn-down.;H;"He or she does not have to be there; he or she only has to ensure the Development Team has a Daily Scrum.";I;To gather status and progress information to report to management.;H;To make sure every team member answers the three questions.;H;;;;;;;;;;;;
When the Developers determine that they will not be able to finish the complete forecast, who has to be present when reviewing and adjusting the Sprint work selected? (choose the best answer);The Product Owner and the Developers.;I;The Scrum Master, project manager and the Developers;H;The Product Owner and all stakeholders.;H;The Scrum Master and the Developers.;H;;;;;;;;;;;;
As the Sprint Planning progresses, the Developers realize that the workload may be greater than their capacity to complete the work. Which two are valid actions? (choose the best two answers);Remove or change selected Product Backlog items.;I;The developers ensure that the Scrum Team is aware, start the Sprint, and monitor progress.;I;Cancel the Sprint.;H;Recruit additional Developers before the work begin.;H;The Developers work overtime during this Sprint.;H;;;;;;;;;;
During Sprint Planning the Product Owner and the Developers are unable to reach an understanding about the highest order Product Backlog Items. Because of this, the Developers are unable to determine how many Product Backlog items they can forecast for the upcoming Sprint. However, the Product Owner and the Developers are able to agree on a Sprint Goal. Which of the following actions should the Scrum Master support? (choose the best two answers);Cancel the Sprint. Send the entire team to an advanced Scrum training and then start a new Sprint. ;H;During the next Sprint Retrospective discuss why this happened and what changes will make it less likely to recur. ;I;Continue the Sprint Planning event past its timebox until an adequate number of Product Backlog Items are well enough understood for the Developers to make a complete forecast. Then start the Sprint. ;H;Forecast the Product Backlog items that are most likely to meet the Sprint Goal and create the Sprint Backlog. Conclude Sprint Planning and start the development work. Continue to analyze, decompose, and create additional functionality during the Sprint.;I;;;;;;;;;;;;
Which best describes the Product Backlog? (choose the best answer);It is baselined to follow change management processes;H;It provides just enough information to enable a Scrum Team to start the design phase of a product.;H;It is allowed to grow and change as more is learned about the product and its customers.;I;It contains all foreseeable tasks and requirements from which the Scrum Team can develop and maintain a complete project plan.;H;;;;;;;;;;;;
You are the Scrum Master for four Scrum Teams working from the same Product Backlog. Several of the developers come to you complaining that work identified for the upcoming two Sprints will require full-time commitment from a specialist who is external to the teams. What should the Scrum Master consider in this situation? (choose the best two answers);The ability of the Scrum Teams to produce integrated increments.;I;The desire to maintain a stable velocity.;H;The need to have enough work to keep all Developers busy.;H;The benefit of Developers figuring out a solution for themselves.;I;;;;;;;;;;;;
Which of the following are true about the length of the Sprint? (choose the best answer);The length of the Sprint should be proportional to the work that is done in between Sprints.;H;All Sprints must be one month or less.;I;Sprint length is determined during Sprint Planning, and should hold the time it will take to build the planned features in the upcoming Sprint, but does not include time for any testing.;H;Sprint length is determined during Sprint Planning, and should be long enough to make sure the Scrum Team can deliver what is to be accomplished in the upcoming Sprint.;H;;;;;;;;;;;;
A new Developer is having continuing conflicts with existing members of the Scrum Team, Which is impacting the delivery of the Increment. If necessary, who is responsible for removing the Developer from the Scrum Team? (choose the best answer);The Scrum Team is responsible.;I;The Product Owner is responsible, they control the return on investment (ROI).;H;The hiring manager is responsible, they hire the Developer.;H;The Scrum Master is responsible, they remove impediments.;H;;;;;;;;;;;;
What is the Scrum Master responsible for during the Sprint Retrospective? (choose the best answer);Participating as a Scrum Team member and facilitating as requested or needed.;I;Acting as a scribe to capture the Scrum Team's answers.;H;Prioritizing the resulting action items.;H;Summarizing and reporting the discussions to management;H;;;;;;;;;;;;
You are the Scrum Master of a new, to be developed product. Development is going to require 45 people. What is a good first question for you to suggest the group thinks about when forming into teams? (choose the best answer);Who are going to be the team leads?;H;What is the right mixture of senior and junior people on each team?;H;How will we make sure all teams have the right amount of expertise?;I;Who are the subject matter experts on each team?;H;;;;;;;;;;;;
What two factors are best considered when establishing the Sprint length? (choose the best two answers);The risk of being disconnected from the stakeholders.;I;The frequency at which team formation can be changed.;H;The organization has mandated similar length sprints.;H;The level of uncertainty over the technology to be used.;I;;;;;;;;;;;;
During the Sprint, when is new work or further decomposition of work added to the Sprint Backlog? (choose the best answer);When the Product Owner identifies new work.;H;When the Scrum Master has time to enter them.;H;As soon as possible after they are identified.;I;During the Daily Scrum after the Development Team approves them.;H;;;;;;;;;;;;
Who should know the most about the progress toward the Product Goal? (choose the best answer);The Scrum Master;H;The Project Manager;H;The Product Owner;I;The Developers;H;;;;;;;;;;;;
How should a Development Team deal with non-functional requirements? (choose the best answer);Assign them to the lead developers on the team.;H;Make sure the release department understands these requirements, but it is not the Development Team's responsibility.;H;Ensure every Increment meets them.;I;Handle them during the Integration Sprint preceding the Release Sprint.;H;;;;;;;;;;;;
When do Development Team members take ownership of a Sprint Backlog item? (choose the best answer);At the Sprint planning meeting.;H;During the Daily Scrum.;H;"Never. All Sprint Backlog Items are ""owned"" by the entire Development Team, even though each one may be done by an individual Development Team member.";I;Whenever a team member can accomodate more work.;H;;;;;;;;;;;;
Which three of the following are feedback loops in Scrum? (choose the best three answers);Sprint Review;I;Release Planning;H;Refinement Meeting;H;Sprint Retrospective;I;Daily Scrum;I;;;;;;;;;;
Which approach is best for Scrum Teams in order to produce valuable increments? (choose the best answer);Each Scrum Team is accountable for developing functionality from beginning to end.;I;Each Scrum Member works only as an independent layer of the system.;H;Each Scrum Team works on an independent set of components.;H;Each Developer works on the component where they feel that they can contribute;H;;;;;;;;;;;;
The Daily Scrum is an event that happens every day. What would be three key concerns if the frequency were to be lowered to every two or three days? (choose the best three answers);The Sprint Backlog may become inaccurate;I;Too much work is spent updating the Scrum board before the meeting;H;The Scrum Master loses the ability to update the Gantt chart properly;H;The Product Owner cannot accurately report progress to the stakeholders.;H;Opportunities to inspect and adapt the Sprint Backlog are lost.;I;Impediments are raised and resolved more slowly.;I;;;;;;;;
True or False: A Scrum Team is only allowed to meet with stakeholders during Sprint Review.;TRUE;H;FALSE;I;;;;;;;;;;;;;;;;
Which two ways of creating Scrum Teams are consistent with Scrum's values? (choose the best two answers);Managers personally re-assign current subordinates to new teams;H;Bring all the people together and let them organize into Scrum Teams;I;Managers collaborate to assign individuals to specific teams;H;The Chief Product Owner determines the new team structures and assignments;H;Existing teams propose how they would like to go about organizing into the new structure;I;;;;;;;;;;
Who determines how many Product Backlog items the Developers select for a Sprint? (choose the best answer);The stakeholders attending Sprint Planning.;H;The Scrum Team;H;The Product Owner;H;The Developers;I;The Scrum Master;H;;;;;;;;;;
What is the tactic a Scrum Master should use to divide a group of 100 people into multiple Development Teams? (choose the best answer);Ask the developers to divide themselves into teams.;I;Ask the Product Owner to assign the people to teams.;H;Create teams based on their skills across multiple layers (such as database, UI, etc.);H;;;;;;;;;;;;;;
Who starts the Daily Scrum? (choose the best answer);The Scrum Master. This ensures that the Development Team has the meeting and stays within the time-box.;H;Whoever the Development Team decides should start.;I;The person coming in last. This encourages people to be on time and helps to stay within the time-box.;H;The person who last broke the build.;H;The person who has the token.;H;;;;;;;;;;
What is the recommended size for a Scrum Team? (choose the best answer);7 plus or minus 3;H;At least 7;H;9;H;10 or fewer;I;;;;;;;;;;;;
During a Sprint Retrospective, for what is the Scrum Master responsible? (choose the best answer);Participating as a Scrum team member and facilitating as requested or needed.;I;Prioritizing the resulting action items.;H;Summarizing and reporting the discussions to management.;H;Acting as a scribe to capture the Development Team's answers.;H;;;;;;;;;;;;
What is the key concern when multiple Development Teams are working from the same Product Backlog? (choose the best answer);Making sure there's enough work for everyone on every team.;H;Maximizing velocity.;H;Meeting original scope projections.;H;Minimizing dependencies between teams.;I;Clear definition of requirements.;H;;;;;;;;;;
A PO wants advice from the SM about estimating work in Scrum. Which of these is the guideline that a Scrum Master should give? (choose the best answer);Estimates are made by the Development Team.;I;Scrum forbids estimation.;H;Estimates are made by the PO, but are best checked with the Development Team;H;Product Backlog items must be estimated in story points;H;Estimates must be in relative units;H;;;;;;;;;;
Who creates a Product Backlog item's estimate? (choose the best answer);The Scrum Master;H;The Development Team, alone;H;The most senior people in the organization, including architects and subject matter expert;H;The Development Team after clarifying requirements with the Product Owner;I;The Product Owner with input from the Development Team;H;;;;;;;;;;
Which of these may a Scrum Team deliver at the end of a Sprint? (choose the best answer);A valuable, useful Increment that meets the Definition of Done.;I;Failing unit tests, to identify acceptance tests for the next Sprint.;H;An increment of software with minor known bugs in it.;H;A single document, if that is what management asked for.;H;;;;;;;;;;;;
Which of the following activities will a Product Owner engage in during a Sprint? (choose the best answer);Run the Daily Scrum.;H;Update management on what is being worked on.;H;Answer question from the Developers about items in the current Sprint.;I;Prioritize the Developers' work on the Sprint Backlog;H;;;;;;;;;;;;
For which of the following in the Scrum Master responsible? (choose the best answer);The meetings and the objectives that a Scrum Team sets for itself.;H;Keeping track of resource allocation.;H;Properly adopting and using the Scrum framework;I;Managing the performance of the Scrum Team.;H;;;;;;;;;;;;
A Sprint Retrospective should be held: (choose the best answer) *;At the end of the last Sprint in a project or a release;H;At the end of each Sprint;I;Only when the Scrum Team determines it needs one;H;At the beginning of each Sprint;H;;;;;;;;;;;;
Who determines how work is performed during the Sprint? (choose the best answer);The Scrum Master;H;The Scrum Team;H;Team manager;H;Subject matter experts;H;The Developers;I;;;;;;;;;;
One of the Scrum events is the Daily Scrum. What are two intended outcomes of the Daily Scrum? (choose the best two answers);Identification of impediments that may prevent the Developers from achieving the Sprint Goal.;I;A status report for the upper management indicating what each individual has done, will be doing, and what is impeding him/her.;H;An updated Scrum board to make Sprint progress transparent for the stakeholders.;H;An update of completed task and of the remaning work so the Scrum Master can plan the next day.;H;A shared understanding of the most important work to be undertaken next to achieve the best possible progress toward the Sprint goal.;I;;;;;;;;;;
True or False: When multiple teams work together on the same product, each team should maintain a separate Product Backlog.;TRUE;H;FALSE;I;;;;;;;;;;;;;;;;
When is sprint over? (choose the best answer) ;When all the tasks are completed;H;When the timebox expires.;I;When all Product Backlog items meet their Definition of Done.;H;When the Product Owner says it is done.;H;;;;;;;;;;;;
True or False: multiple Scrum Teams working on the same product or system all select work from the same Product Backlog.;TRUE;I;FALSE;H;;;;;;;;;;;;;;;;
How do you know that a Development Team is cross-functional? (Choose the best answer);A few of the Development Team members pair program and do Test Driven Development.;H;Development Team has all the skills to create a potentially releasable increment by the end of every Sprint.;I;Every member of the Development Team is able to perform every task.;H;There are no conflicts within the Development Team.;H;;;;;;;;;;;;
Which statement best describes the Sprint Backlog as the output of the Sprint Planning? (choose the best answer);It is a complete list of all work to be done in a Sprint.;H;Every item has a designated owner.;H;Each task is estimated in hours.;H;It is ordered by the Product Owner.;H;It is the Scrum Team's plan for the Sprint.;I;;;;;;;;;;
Who is responsible for collaboration with stakeholders? (choose the best answer);The Team Manager;H;The Developers;H;The Business Analyst;H;The Project Manager;H;The Scrum Team;I;;;;;;;;;;
What are two good ways for a Scrum Team to ensure security concerns are satisfied? (choose the best two answers);"Add security concerns to the definition of ""Done"".";I;Postpone the work until a specialist can perform a security audit and create a list of security-related Product Backlog items. Add a Sprint to specifically resolve all security concerns.;H;Have the Scrum Team create Product Backlog items for each concern.;I;Delegate the work to the concerned department.;H;;;;;;;;;;;;
How much work is required of the Developers to complete a Product Backlog item selected during the Sprint Planning? (choose the best answer);A proportional amount of time on analysis, design, development, and testing.;H;As much as they can fit into the Sprint, with remaining work deferred to the next Sprint.;H;All development work and at least some testing.;H;As much as is required to meet the Scrum Team's Definition of Done;I;;;;;;;;;;;;
Which technique is the best way the Scrum Master can ensure that the Development Team communicates effectively with the Product Owner? (choose the best answer);Monitor communications between them and facilitate direct collaboration.;I;Teach the Product Owner about the technologies employed during the Sprints. ;H;Act as go-between for them.;H;Teach the Development Team to talk in terms of business needs and objectives.;H;;;;;;;;;;;;
A Scrum Master is introducing Scrum to a new Team. The Team has decided that a Sprint Retrospective is unnecessary. What action should the Scrum Master take? (choose the best answer);Call a meeting between the Scrum Team and senior manager.;H;Consult with the Product Owner to see how they feel about the situation.;H;Comply with the decision of the self-managing team.;H;Begin facilitating productive and useful Sprint Retrospectives.;I;;;;;;;;;;;;
Who is part of the discussion about which Product Backlog items are selected for a Sprint? (choose the best answer);The Scrum Team;H;The Scrum Master;H;The Developers;I;The Product Owner;H;;;;;;;;;;;;
Which two of the following are appropriate topics for discussion during a Sprint Retrospective? (choose the best two answers);How the team collaborates.;I;The order of items in the Product Backlog.;H;Identifying high priority process improvements for the next Sprint.;I;Documenting acceptance criteria for items in the next Sprint.;H;;;;;;;;;;;;
The Product Owner is not collaborating with Developers during the Sprint. What are two valuable actions for a Scrum Master to take? (choose the best two answers);Stop the Sprint, send the Product Owner to a course and restart.;H;Coach the Product Owner in the values of Scrum and incremental delivery.;I;Inform the Product Owner's functional manager.;H;Bring up the problem in the Sprint Retrospective.;I;Nominate a proxy Product Owner.;H;;;;;;;;;;
The Product Backlog is ordered by: (choose the best answer) ;Size, where small items are at the tip and large items are at the bottom. ;H;The Product Owner with the most valuable items placed at the top. ;I;Risk, where safer items are at the top, and risker items are at the bottom. ;H;Items are randomly arranged.;H;;;;;;;;;;;;
"A Development Team selects a set of Product Backlog items with the plan to get the selected items ""Done"" by the end of the Sprint. Which three phrases best describe the purpose of a definition of ""Done"". (choose the best three answers)";It defines what it takes for an Increment to be ready for release.;I;It provides a template for elements that need to be included in the technical documentation.;H;It tracks the percentage complete of a Product Backlog item.;H;It creates transparency over the work inspected in the Sprint Review.;I;It controls whether the developers have performed their tasks.;H;It guides the Development Team in creating a forecast at the Sprint Planning.;I;;;;;;;;
During the Sprint, the Scrum Master's role is to do which two of the following? (choose the best two answers);Monitor the progress of the Developers;H;Coaching the team members in self-management;I;Assign tasks with the Scrum Team;H;Escalate team conflicts to functional line managers;H;Ensure the Product Owner attends all Scrum events;H;Facilitate inspection and adaptation opportunities as requested or needed;I;;;;;;;;
When is the Sprint Backlog created? (choose the best answer);During Sprint Planning;I;During Refinement;H;Prior to Sprint Planning;H;During the Sprint Retrospective;H;;;;;;;;;;;;
Which of the following services are appropriate for a Scrum Master in regard to the Daily Scrum? (choose the best answer);Lead the discussions of the Development Team.;H;Ensure that all 3 questions have been answered.;H;Facilitate in a way that ensures each team member has a chance to speak.;H;Teach the Development Team to keep the Daily Scrum within the 15 minute time-box.;I;All of the above;H;;;;;;;;;;
The Scrum Team should have: (choose the best answer) *;The competencies and skills needed to deliver an Increment in a Sprint;I;At least one representative from each major department, such as, Quality Assurance, Development, and Marketing;H;One Lead Developer and no more than 8 other members;H;;;;;;;;;;;;;;
What are responsibilities of testers in a Development Team? (Choose the best two answers);Verifying the work of programmers.;H;Finding bugs.;H;Everyone in the Development Team is responsible for quality.;I;Tracking quality metrics.;H;"Scrum has no ""tester"" role.";I;;;;;;;;;;
Which three of the following are true about Scrum? (choose the best three answers);Scrum is a methodology where you can pick and choose which parts of Scrum you think will work for your environment.;H;Scrum is like traditional processes but with self-organization to replace Project Managers.;H;Scrum is a framework for developing and sustaining complex products.;I;Scrum is based on empirical process control theory.;I;Each component of Scrum serves a specific purpose and is essential to Scrum's success and your usage of Scrum to develop complex products.;I;;;;;;;;;;
Which of the following are topics for the Developers to discuss at the Daily Scrum as they inspect their progress toward the Sprint Goal? (choose the best three answers);Will today's work negatively impact our ability to meet the Sprint Goal for the Sprint following this one?;H;What will I be working on tomorrow?;H;What have we learned since yesterday, and how should we modify our plan to increase our ability to meet the Sprint Goal?;I;How many hours did I spend on the project yesterday?;H;Are there any decisions that need to be made to maintain progress toward the Sprint Goal?;I;Why were you late?;H;Are there any impediments blocking progress toward the Sprint Goal?;I;;;;;;
How much work must a Development Team do to a Product Backlog item it selects for a Sprint?;"As much as it has told the Product Owner will be done for every Product Backlog item it selects in conformance with the definition of ""Done"".";I;As much as it can fit into the Sprint.;H;All development work and at least some testing.;H;Analysis, design, programming, testing and documentation.;H;;;;;;;;;;;;
How is management external to the Scrum Team involved in the Daily Scrum? (choose the best answer);The Product Owner represents their opinion.;H;The Scrum Master speaks on their behalf.;H;The Development Team self-manages and is the only management required at the Daily Scrum.;I;Management gives an update at the start of each Daily Scrum.;H;;;;;;;;;;;;
What is the purpose of a Sprint Review? (choose the best answer);To take time to judge the validity of the project.;H;To inspect the product Increment with the stakeholders and collect feedback on next steps.;I;To review the Scrum Team's activities and processes during the Sprint.;H;To build team spirit.;H;;;;;;;;;;;;
Who is required to attend the Daily Scrum? (choose the best answer) ;The Development Team.;I;The Scrum team.;H;The Development Team and Scrum Master.;H;The Development Team and Product Owner.;H;The Scrum Master and Product Owner.;H;;;;;;;;;;
Which are appropriate topics for discussion in a Sprint Retrospective? (choose the best three answers);The value of work currently represented in the Product Backlog.;H;Definition of Done.;I;How the Scrum Team does its work.;I;Arranging the Sprint Backlog for the next Sprint.;H;Team relations.;I;;;;;;;;;;
True or False: Cross-functional teams are optimized to work on one component or layer of a system only;TRUE;H;FALSE;I;;;;;;;;;;;;;;;;
The length of a Sprint should be: (choose the best answer) ;Short enough to keep the business risk acceptable to the Product Owner.;H;Short enough to be able to synchronize the development work with other business events.;H;No more than one month.;H;All of these answers are correct.;I;;;;;;;;;;;;
When is implementation of a Product Backlog item considered complete? (choose the best answer);At the end of the Sprint.;H;When QA reports that the item passes all acceptance criteria.;H;When the item has no work remaining in order to be potentially released.;I;When all work in the Sprint Backlog related to the item is finished.;H;;;;;;;;;;;;
When many Scrum Teams are working on the same product, should all of their increments be integrated every Sprint? (choose the best answer);No, that is far too hard and must be done in a hardening Sprint.;H;Yes, otherwise the Product Owners (and stakeholders) may not be able to accurately inspect what is done.;I;Yes, but only for Scrum Teams whose work has dependencies.;H;No, each Scrum Team stands alone.;H;;;;;;;;;;;;
When should a Sprint Goal be created? (choose the best answer) ;At any time during the Sprint.;H;It should have been created in the previous Sprint during Product Backlog refinement.;H;During Sprint Planning.;I;A Sprint Goal is not mandatory in Scrum.;H;It must be established before Sprint Planning in order to begin planning.;H;;;;;;;;;;
True or False: Every Scrum Team must have a Product Owner and Scrum Master.;False. A Scrum Master is only required when asked for by the Scrum Team.;H;True. Each must be 100% dedicated to the Scrum Team.;H;False. A Product Owner can be replaced by a subject matter expert in the Scrum Team.;H;True. Outcomes are affected by their participation and availability.;I;;;;;;;;;;;;
User documentation is part of your Definition of Done. However, there are not enough technical writers for all teams. Your Scrum Team does not have a technical writer. What should the Scrum Team do? (choose the best answers);Wait until you have a technical writer on your Scrum Team to take care of this ;H;Let the user documentation remain undone and accumulate until after the last development Sprint. It will then be done by any available technical writers.;H;Form a separate team of technical writers that will work on an on-demand basis for the various Product Owners. Work order will be first, first out.;H;The Developers on the Scrum Team should write the user documentation.;I;;;;;;;;;;;;
Which two activities will a Product Owner engage in during a Sprint? (choose the best two answers);Work with the stakeholders.;I;Run the Daily Scrum.;H;Update the Sprint Burndown chart.;H;Answer questions from the Development Team about items in the current Sprint.;I;Prioritize the Development Team's work on the Sprint Backlog.;H;;;;;;;;;;
True or False: Scrum is a methodology that tells in detail how to build software incrementally.;TRUE;H;FALSE;I;;;;;;;;;;;;;;;;
What does it mean for a Scrum Team to be cross-functional? (choose the best answer);The Scrum Team includes cross-skilled individuals who are able to contribute to do what is necessary to deliver an Increment.;I;The Scrum Team is a virtual team drawing from separate teams of business analysts, architects, developers, and testers.;H;The Scrum Team includes not only developers but also business analysts, architects, and testers.;H;Developer on the Scrum Team work closely with business analysts architects, developers, and testers who are not on the team.;H;;;;;;;;;;;;
During a Sprint Retrospective, the Developers propose moving the Daily Scrum to only occur on Tuesdays and Thursdays. Which two are the most appropriate responses for the Scrum Master to recommend? (choose the best two answers);Consider the request and decide on which days the Daily Scrum should occur.;H;Have the Developers vote.;H;Acknowledge and support the self-managing team's decision.;H;Learn why the Developers want this and work with them to improve the outcome of the Daily Scrum.;I;Coach the team on why the Daily Scrum is important as an opportunity to update the plan.;I;;;;;;;;;;
What are three benefits of self-management? (choose the best three answers);Increased commitment;I;Increased rule compliance;H;Increased self-accountability;I;Increased accuracy of estimates;I;Increased creativity;H;;;;;;;;;;
Which statement best describes Scrum? (choose the best answer);A cookbook that defines best practices for software development.;H;A complete methodology that defines how to develop software.;H;A defined and predictive process that conforms to the principles of Scientific Management.;H;A framework within which complex products in complex environments are developed.;I;;;;;;;;;;;;
What techniques could the Scrum Master use when the Scrum Team gets caught in an internal disagreement about which agile practices to apply? (choose the best two answers);Involve the complete Scrum Team in making a decision;I;Ask an external agile coach what they recommend;H;Ask team members to take the issue up with the company's Human Resources department;H;Use coaching techniques, such as open questions and active listening;I;;;;;;;;;;;;
Why does the Product Owner want the Developers to adhere to its Definition of Done? (choose the best answer);To know what the team will deliver over the next three Sprints.;H;To predict the team's productivity over time;H;To be able to reprimand the team when they do not meet their velocity goal for the Sprint.;H;To have complete transparency into what has been done at the end of each Sprint.;I;;;;;;;;;;;;
An organization has decided to adopt Scrum, but management wants to change the terminology to fit with terminology already used. What will likely happen if this is done?;Without a new vocabulary as a reminder of the change, very little change may actually happen.;H;The organization may not understand what has changed with Scrum and the benefits of Scrum may be lost.;H;Management may feel less anxious.;H;All answers apply.;I;;;;;;;;;;;;
The Sprint Review is mainly an inspect and adapt opportunity for which group? (choose the best answer);The Development Team and stakeholders;H;The Development Team and management;H;The Product Owner and management;H;The Scrum Team and stakeholders;I;The Product Owner and Development Team;H;The Product Owner and stakeholders;H;;;;;;;;
What is the role of management in Scrum? (choose the best answer) ;To identify and remove people that are not working hard enough.;H;To present the Scrum Teams with insights and resources that help them improve.;I;To monitor the productivity of the Developers;H;To continually monitor staffing levels of the Scrum Team.;H;;;;;;;;;;;;
The Scrum Master observes the Product Owner struggling with ordering the Product Backlog. What is an appropriate action for the Scrum Master to take? (choose the best answer);Offer the Product Owner help in understanding that the goal of ordering the Product Backlog is to maximize value.;I;Suggest that the Developers order the Product Backlog to be sure that it is a feasible ordering of work.;H;Encourage the Product Owner to work with the Developers to see which items technically are fastest to implement;H;Present the Product Owner with an ordered Product Backlog to use;H;Suggest the Product Owner extend the Sprint, so he can have more time to order the Product Backlog.;H;;;;;;;;;;
What are two effective ways for a Scrum Team to ensure security concerns are satisfied? (choose the best two answers);Add security concerns to the Definition of Done;I;Delegate the work to the security department;H;Have the Scrum Team create Product Backlog items for each concern;I;Add a Sprint to specifically resolve all security concerns;H;Postpone the work until a specialist can perform a security audit and create a list of security-related Product Backlog items.;H;;;;;;;;;;
Who must attend the Daily Scrum? (choose the best answer) ;The Developers and Product Owner;H;The Scrum Master and Product Owner;H;The Scrum Team;H;The Developers and Scrum Master;H;The Developers;I;;;;;;;;;;
When must the Product Owner participate in the Daily Scrum? (choose the best answer);"When the Product Owner is actively working on items on the Sprint Backlog; however, they participate as a Developer.";I;When the Product Owner needs to represent the stakeholders' point of view to the Developers.;H;When there are impediments to discuss.;H;When the Scrum Master asks the Product Owner to attend.;H;;;;;;;;;;;;
The Developers ask their Product Owner to re-order the Product Backlog. The team is waiting for an external supplier to deliver a component. Without that component there will not be enough work in the next Sprint to occupy the full team. As the Scrum Master, what advice would you give the Product Owner? (choose the best answer);Remind the Product Owner the their primary concern is the flow of value reflected in the ordering of the Product Backlog.;I;Tell the Product Owner that the Product Backlog should be ordered to maximize utilization of the Developers.;H;Tell the Product Owner to re-order the Product Backlog so the work involving the external component can be planned in a separate sprint.;I;;;;;;;;;;;;;;
In accordance with Scrum theory, how should a group of 100 people be divided into multiple Scrum Teams? (choose the best answer);Create a matrix of skills, seniority, and level of experience to assign people to teams.;H;Check with the allocation department to see who has worked together before and make these the first teams.;H;Understanding the product, the product vision and the rules of the Scrum framework, the people divide themselves into teams.;I;It does not really matter since you can rotate the teams every Sprint to spread knowledge;H;;;;;;;;;;;;
Who has the final say on the order of the Product Backlog? (choose the best answer);The Product Owner;I;The Development Team;H;The Stakeholders;H;The CEO;H;The Scrum Master;H;;;;;;;;;;
Who should make sure everyone on the Scrum Team does their tasks for the Sprint? (choose the best answer);The Project Manager;H;The Product Owner;H;The Scrum Master;H;The Scrum Team;I;All of the above;H;;;;;;;;;;
Which outcome is expected as a Scrum Team matures? (choose the best answer);They will improve their Definition of Done to include more stringent criteria;I;Sprint Reviews will no longer be needed.;H;The Sprint Retrospectives will grow to be longer than 4 hours.;H;There will be no need for a timeboxed Sprint.;H;A Scrum Master is no longer needed since they are a mature team now.;H;;;;;;;;;;
The timebox for the Sprint Planning event is? ;4 hours;H;Monthly;H;8 hours for a monthly sprint. For shorter Sprints it is usually shorter.;I;Whenever it is done.;H;;;;;;;;;;;;
At the seventh Sprint Review, the stakeholders are disappointed and angry. They have determined that the product or system being built will not meet their needs and will cost more than they are willing to spend. What factors likely led to this? (choose the best two answers);The stakeholders were not allowed to prioritize Product Backlog items.;H;The Project Management Office (PMO) has not been engaged adequately.;H;The stakeholders have not been using the Sprint Reviews to inspect and evaluate progress.;I;The Product Owner has not been keeping the stakeholders aware of the progress of the project.;I;;;;;;;;;;;;
If burndown charts are used to visualize progress, what do they track? (choose the best answer);Work remaining across time.;I;Accumulated cost.;H;Accumulated business value delivered to the customer.;H;Individual worker productivity.;H;;;;;;;;;;;;
Which are characteristics of the Daily Scrum? (choose the best two answer);It is free form and designed to promote conversation.;H;It is facilitated by the team lead.;H;It is held first thing in the morning.;H;It consists of the Scrum Master asking the team for status.;H;Its purpose is to inspect progress toward the Sprint Goal and adapt the Sprint Backlog;I;Its location and time remain constant.;I;;;;;;;;
What activities would a Product Owner typically undertake in the period between the end of the current Sprint and the start of the next sprint? (choose the best answer);Work with the Quality Assurance departments on the Increment of the current Sprint;H;Update the project plan with stakeholders;H;There are no such activities. The next Sprint starts immediately after the current Sprint.;I;Refine the Product Backlog;H;;;;;;;;;;;;
A Product Owner wants advice from the Scrum Master about estimating work in Scrum. What guidance should a Scrum Master give? (choose the best answer);Product Backlog items must be estimated in story points.;H;Estimates are made by the Product Owner, but are best checked with the Developers.;H;Estimates must be in relative units.;H;Scrum forbids estimating.;H;Estimates are made by the people doing the work.;I;;;;;;;;;;
Commitment is essential to achieve the benefits of Scrum. What actions demonstrate the commitment of Scrum Team members? (choose thebest two answers);Always deliver the items in the Sprint forecast.;H;Do your best work.;I;Help your fellow Scrum Team members.;I;Work late.;H;;;;;;;;;;;;
When is it most appropriate for a Scrum Team to change the Definition of Done? (choose the best answer);Prior to starting a new project;H;During Product Backlog refinement;H;During Sprint Planning;H;During the Sprint Retrospective;I;;;;;;;;;;;;
Why does a Development Team need a Sprint goal? (Choose the best answer);A Sprint Goal only gives purpose to Sprint 0.;H;The Development Team is more focused with a common yet specific goal.;I;A Sprint Goal ensures that all of the Product Backlog items selected for the Sprint are implemented.;H;Sprint Goals are not valuable. Everything is known from the Product Backlog.;H;;;;;;;;;;;;
How should Product Backlog items be chosen when multiple Scrum Teams work from the same Product Backlog? (choose the best answer);The Developers pull in work in agreement with the Product Owner;I;Each Scrum Team takes an equal number of items;H;The Product Owner decides;H;The Product Owner should provide each team with its own Product Backlog;H;The Scrum Team with the highest velocity pulls Product Backlog items first.;H;;;;;;;;;;
How much of the Sprint Backlog must be defined during the Sprint Planning event? (choose the best answer);The entire Sprint Backlog must be identified and estimated by the end of the Sprint Planning meeting.;H;Just enough to understand design and architectural implications.;H;Enough so the Development Team can create its best forecast of what it can do, and to start the first several days of the Sprint.;I;Just enough tasks for the Scrum Master to be confident in the Development Team's understanding of the Sprint.;H;;;;;;;;;;;;
What is the key concern when multiple Scrum Teams are working from the same Product Backlog? (choose the best answer);Maximizing velocity.;H;Meeting original scope projections.;H;Making sure there is enough work for everyone on each team.;H;Minimizing dependencies between teams.;H;Clear definition of requirements.;I;;;;;;;;;;
"Who creates the definition of ""Done""? (choose the best answer) ";The Scrum Master as he/she is responsible for the Development Team's productivity.;H;The Scrum Team, in a collaborative effort where the result is the common dominator of all members' definitions.;H;The Product Owner as he/she is responsible for the product's success.;H;The development organization (or Development Team if none is available from the development organization).;I;;;;;;;;;;;;
True or False: The Product Owner makes sure the Developers select enough from the Product Backlog for a Sprint to satisfy the stakeholders.;TRUE;H;FALSE;I;;;;;;;;;;;;;;;;
During the Sprint the Scrum Master's role is to do which two of the following: (choose the best two answers);Ensure the Product Owner attends all Scrum events.;H;Monitor the progress of the Development Team.;H;Escalate team conflicts to functional line managers.;H;Facilitate inspection and adaptation opportunities as requested or needed.;I;Assign tasks with the Scrum Team.;H;Remove impediments.;I;;;;;;;;
Which of the following are the Developers accountable for? (choose the best two answers);Selecting the Product Owner;H;Reporting productivity.;H;Creating a plan for the Sprint, the Sprint Backlog.;I;Organizing the work required to meet the print Goal.;I;;;;;;;;;;;;
Which phrase best describes a Product Owner? (Choose the best answer) ;Requirements engineer;H;Go-between for the Developers and the customers.;H;Value optimizer;I;Team manager;H;;;;;;;;;;;;
For which is the Scrum Master responsible? (choose the best answer);The Scrum framework being adopted and used properly.;I;The meetings and the objectives that a Scrum Team sets for itself.;H;Managing the performance of the Scrum Team.;H;Keeping track of resource allocation.;H;;;;;;;;;;;;
Which statement best describes a Product Owner's responsibility? (choose the best answer);Managing the project and ensuring that the work meets the commitments to the stakeholders.;H;Optimizing the value of the work the Development Team does.;I;Directing the Development Team.;H;Keeping stakeholders at bay.;H;;;;;;;;;;;;
"When many Development Teams are working on a single product, what best describes the definition of ""done""? (choose the best answer)";"All Development Teams must have a definition of ""done"" that makes their combined work potentially releasable.";I;Each Development Team defines and uses its own. The differences are discussed and reconciled during a hardening Sprint.;H;It depends.;H;Each Development Team uses its own but must make their definition clear to all other teams so the differences are known.;H;;;;;;;;;;;;
True or False: The purpose of a Sprint is to produce a valuable, useful Increment.;TRUE;I;FALSE;H;;;;;;;;;;;;;;;;
During the Sprint Retrospective a Scrum Team has identified several high priority process improvements. Which of the following statements is most accurate? (choose the best answer);The Scrum Master selects the most important process improvement and places it in the Sprint Backlog.;H;The Scrum Team should decline to add a process improvement to the Sprint Backlog when things are running smoothly.;H;The Scrum Team should choose at least one high priority process improvement to place in the Product Backlog.;H;The Scrum Team may add items to the Sprint Backlog for the next Sprint.;I;;;;;;;;;;;;
Who has the final decision about the order of items in the Product Backlog? (choose the best answer);The Scrum Master;H;The Stakeholders;H;The Scrum Team;H;The Developers;H;The Product Owner;I;;;;;;;;;;
Who does the work to make sure Product Backlog items conform to the Definition of Done? (choose the best answer);The Scrum Team;H;The Quality Assurance Team;H;The Developers;I;The Product Owner;H;The Scrum Master;H;;;;;;;;;;
During a Sprint Retrospective, for what is the Product Owner responsible? (choose the best answer);Capturing requirements for the Product Backlog.;H;Summarizing and reporting the discussions to the stakeholders that he/she represents in the Scrum Team.;H;Participating as a Scrum Team member.;I;The Product Owner should not take part in Sprint Retrospectives.;H;;;;;;;;;;;;
Who determines when it is appropriate to update the Sprint Backlog during a Sprint? (choose the best answer);The Scrum Team;H;The Project Manager;H;The Product Owner;H;The Developers;I;;;;;;;;;;;;
What are two ways that regulatory compliance issues are dealt with in Scrum? (choose the best two answers);They are added to the Product Backlog and addressed in early Sprints, while always requiring at least some business functionality, no matter how small.;I;They are addressed along with functional development of the product. ;I;They are addressed by a separate team who is responsible for compliance issues. ;H;They are discussed determined and documented before the actual feature development sprints.;H;;;;;;;;;;;;
The definition of Done serves which three purposes? (choose the best three answers);Increase transparency;I;Describe the purpose, objective, and timebox of each Scrum event;H;Create a shared understanding of when work is complete;I;Describe the work that must be done before the Sprint is allowed to end;H;Guide the Developers on how many Product Backlog items to select for the Sprint.;I;;;;;;;;;;
Which are NOT appropriate topics for discussions in a Sprint Retrospective? (choose the best two answers);"Definition of ""Done""";H;Team relations.;H;Arranging the Sprint Backlog for the next Sprint.;I;How the team does its work.;H;The value of work currently represented in the Product Backlog.;I;;;;;;;;;;
When might a Sprint be abnormally cancelled?;When it becomes clear that not everything will be finished by the end of the Sprint.;H;When the Development Team feels that the work is too hard.;H;When the sales department has an important new opportunity.;H;When the Sprint Goal becomes obsolete.;I;;;;;;;;;;;;
Which of the following are true about the Product Owner? (choose the best two answers);The Product Owner is one person.;I;The Scrum Team can have multiple Product Owners.;H;The Product Owner can be represented by a committee or a team of people.;H;The Product Owner is accountable for ordering the Product Backlog;I;;;;;;;;;;;;
Who is accountable for tracking the remaining work toward the Sprint Goal? (choose the best answer);The Developers;I;The Scrum Master;H;The Product Owner;H;The Project Manager;H;;;;;;;;;;;;
Who can abnormally terminate a Sprint? (Choose the best answer) ;The Stakeholders;H;The Product Owner;I;The Scrum Master;H;The Development Team or its members;H;;;;;;;;;;;;
Which answer best describes the topics covered in Sprint Planning? (choose the best answer);Who is on the team what team member roles will be;H;How conditions have changed and how the Product Backlog should evolve.;H;What to do and who will do it.;H;What can be done, how to do it, and why to do it.;I;What went wrong in the last Sprint and what to do differently this Sprint.;H;;;;;;;;;;
Which Scrum Value is affected by a lack of trust in Scrum Team? (choose the best answer);Focus;H;Respect;H;Openness;H;Courage;H;Commitment;H;All of the above;I;;;;;;;;
"True or False: Developers do not meet with stakeholders; only the Product Owner meets with stakeholders";TRUE;H;FALSE;I;;;;;;;;;;;;;;;;
Who should know the most about the progress toward a business objective or a release? (Choose the best answer);The Project Manager;H;The Scrum Master;H;The Development Team;H;The Product Owner;I;;;;;;;;;;;;
Which of the following is an example of an Increment? (choose the best answer);A plan for the overall product release;H;A mock-up of the product marketing materials;H;A design for the product;H;A product roll-out plan;H;A valuable, useful set of product features;I;All of the above;H;;;;;;;;
Which three behaviors demonstrate that a team is self-organizing? (choose the best three answers) ;Development Team members collaboratively selecting their own work during the Sprint.;I;The Development Team has all the skills needed to create a releasable Increment.;I;Stakeholders walking in at the Daily Scrum to check progress and work with the Scrum Master to optimize the functional scope for the Sprint.;H;The Product Owner doesn't need to be at Sprint Retrospective.;H;The Scrum Master is no longer needed.;H;The Development Team members are working within the boundaries of their functional description and nicely handing off work from analyst to developer to tester to integration.;H;The Development Team inviting external people to the Sprint Planning to ask them how to turn a Product Backlog item into an Increment via a complete and detailed Sprint Backlog.;H;"The Development Team creating their own Sprint Backlog, relecting all work that is part of the definition of ""Done"".";I;;;;
For which is the Scrum Master responsible? (choose the best answer);The Scrum framework being adopted and used properly.;I;The meetings and the objectives that a Scrum Team sets for itself.;H;Managing the performance of the Scrum Team.;H;Keeping track of resource allocation.;H;;;;;;;;;;;;
True or False: The Scrum Team should choose at least one high priority process improvement, identified during the Sprint Retrospective, and place it in the Product Backlog.;TRUE;H;FALSE;I;;;;;;;;;;;;;;;;
A Scrum Team is a cohesive unit of professionals that consists of which of the following? (choose all that apply);Users;H;One Product Owner;I;Customers.;H;Developers;I;One Scrum Master;I;;;;;;;;;;
Who is responsible for managing the progress of work during a Sprint? (choose the best answer);The most junior member of the Team.;H;The Product Owner.;H;The Development Team.;I;The Scrum Master.;H;;;;;;;;;;;;
How often should the Development Team membership change? (choose the best answer);As needed, with no special allowance for changes in productivity.;H;Never, because it reduces productivity.;H;As needed, while taking into account a short term reduction in productivity.;I;Every Sprint to promote shared learning.;H;;;;;;;;;;;;
A member of the Development Team takes the Scrum Master aside to concerns about data security issues. What should the SM do?  (choose the best answer);Ask the person to share the issue with the team as soon as possible.;I;Go check with the testers.;H;Create a Product Backlog item for security.;H;Tell the PO to stop further development of features until the issues are fixed.;H;"Add security to the definition of ""Done.";H;;;;;;;;;;
What are two effective ways for the Scrum Team to make non-functional requirements visible?;Run the integration and regression tests before the end of the Sprint, and capture the open work for the Sprint Backlog of the next Sprint.;H;Add them to the Product Backlog to ensure transparency;I;Put them on separate list on the Scrum board, available for all to see.;H;Add them to the Definition of Done so the work is taken care of every Sprint.;I;;;;;;;;;;;;
What is the Development Team responsible for? (choose the best two answers);Reporting productivity.;H;Selecting the Product Owner.;H;Organizing the work required to meet the Sprint Goal.;I;Resolving internal team conflicts.;I;;;;;;;;;;;;
What is the accountability of the Product Owner during Sprint 0? (choose the best answer);There is no such a thing as Sprint 0.;I;Make sure enough Product Backlog items are refined to fill the first 3 Sprints.;H;Create the overall release plan to ensure that organizational goals are met.;H;Gathering, eliciting, and analyzing the requirements to build the Product Backlog.;H;Determine the composition of the Scrum Team to meet the release plan.;H;;;;;;;;;;
How much time is required after a Sprint to prepare for the next Sprint? (choose the best answer);The break between Sprints is time-boxed to 1 week for 30 day Sprints, and usually less for shorter sprints.;H;Enough time for the requirements for the next Sprint to be determined and documented.;H;Enough time for the Development Team to finish the testing from the last Spring.;H;None. A new Sprint starts immediately following the end of the previous Sprint. ;I;All of the above are allowed depending on the situation.;H;;;;;;;;;;
Which two things should the Development Team do during the first Sprint? (choose the best two answers);Develop at least one piece of functionality.;I;Analyze, describe, and document the requirements for the subsequent Sprints.;H;Make up a plan for the rest of the project.;H;Create an Increment of potentially releasable software.;I;Analyze, design, and describe the complete architecture and infrastructure.;H;;;;;;;;;;
What is the Product Owner responsible for during the Sprint Retrospective? (choose the best answer);Participating as a Scrum Team member;I;The Product Owner should not take part in Sprint Retrospective;H;Capturing requirements for the Product Backlog ;H;Summarizing and reporting the discussion to the stakeholders that they represent in the Scrum Team;H;;;;;;;;;;;;
What are the two primary ways a Scrum Master keeps a Development Team working at its highest level of productivity?;By facilitating Development Team decisions;I;By removing impediments that hinder the Development Team;I;By starting and ending the meetings at the proper time;H;By keeping high value features high in the Product Backlog;H;;;;;;;;;;;;
"The CEO asks the Development Team to add a ""very important"" item to a Sprint that is in progress. What should the Development Team do? (choose the best answer)";Add the item to the current Sprint and drop an item of equal size.;H;Add the item to the current Sprint without any adjustments.;H;Inform the Product Owner so he/she can work with the CEO.;I;Add the item to the next Sprint.;H;;;;;;;;;;;;
Which of the following are true about the length of the Sprint? (choose the best two answers);The length of the Sprint should be proportional to the work that is done in between Sprints.;H;All Sprints must be 1 month or less.;I;Sprint length is determined during Sprint Planning and should hold the time it will take to code the planned features in the upcoming Sprint, but does not include time for any testing.;H;It is best to have Sprints of consistent lenght throughout a development effort.;I;Sprint length is determined during Sprint Planning and should be long enough to make sure the Development Team can deliver what is to be accomplished in the upcoming Sprint.;H;;;;;;;;;;
What two techniques could the Scrum Master use when the Scrum Teams gets caught in an internal disagreement about which development techniques apply? (choose the best two answers);"Use coaching techniques; such as, open questions and active listening.";I;Involve the complete Development Team.;I;Send every team member to the company's HR department to express their concerns.;H;Ask an external technical specialist to make decision.;H;;;;;;;;;;;;
A new developer is having continuing conflicts with existing Development Team members and creating a hostile environment. If necessary, who is responsible for removing the team member? (choose the best answer);The hiring manager is responsible, because she/he hired the developer.;H;The Product Owner is responsible, because she/he controls the return on investment (ROI).;H;The Scrum Master is responsible, because she/he removes impediments.;H;The Development Team is responsible and may need help from the Scrum Master.;I;;;;;;;;;;;;
